"Date","Price","Open","High","Low","Vol.","Change %"
"10/01/2024","5,075","4,970","5,075","4,970","197.07M","2.53%"
"09/30/2024","4,950","5,050","5,050","4,950","539.17M","-2.94%"
"09/27/2024","5,100","5,050","5,150","5,000","304.69M","0.99%"
"09/26/2024","5,050","5,150","5,200","5,025","855.27M","-5.16%"
"09/25/2024","5,325","5,400","5,425","5,200","607.07M","-3.62%"
"09/24/2024","5,525","5,550","5,575","5,525","195.42M","0.45%"
"09/23/2024","5,500","5,350","5,500","5,350","245.29M","2.33%"
"09/20/2024","5,375","5,400","5,450","5,375","260.44M","-0.46%"
"09/19/2024","5,400","5,425","5,500","5,400","332.94M","0.93%"
"09/18/2024","5,350","5,350","5,375","5,325","186.88M","0.94%"
"09/17/2024","5,300","5,350","5,350","5,250","201.33M","0.00%"
"09/13/2024","5,300","5,200","5,300","5,175","259.72M","2.42%"
"09/12/2024","5,175","5,175","5,225","5,150","138.54M","0.00%"
"09/11/2024","5,175","5,225","5,250","5,125","165.28M","-1.43%"
"09/10/2024","5,250","5,200","5,250","5,125","202.33M","1.45%"
"09/09/2024","5,175","5,275","5,300","5,150","201.45M","-0.96%"
"09/06/2024","5,225","5,200","5,250","5,150","170.52M","1.46%"
"09/05/2024","5,150","5,125","5,150","5,075","166.44M","0.98%"
"09/04/2024","5,100","5,100","5,175","5,100","141.89M","-1.45%"
"09/03/2024","5,175","5,225","5,250","5,150","166.03M","0.00%"
"09/02/2024","5,175","5,150","5,225","5,150","136.72M","0.49%"
"08/30/2024","5,150","5,175","5,175","5,125","275.30M","0.49%"
"08/29/2024","5,125","5,125","5,175","5,100","160.04M","-0.49%"
"08/28/2024","5,150","5,100","5,175","5,025","277.56M","-0.48%"
"08/27/2024","5,175","5,250","5,275","5,100","271.09M","-2.36%"
"08/26/2024","5,300","5,200","5,325","5,200","361.17M","2.91%"
"08/23/2024","5,150","5,150","5,200","5,125","217.76M","1.98%"
"08/22/2024","5,050","5,125","5,150","5,025","474.04M","-0.98%"
"08/21/2024","5,100","4,990","5,100","4,980","390.31M","3.03%"
"08/20/2024","4,950","4,860","4,950","4,840","310.09M","2.70%"
"08/19/2024","4,820","4,820","4,820","4,750","196.20M","-0.21%"
"08/16/2024","4,830","4,850","4,870","4,830","149.70M","0.00%"
"08/15/2024","4,830","4,850","4,870","4,790","214.39M","0.21%"
"08/14/2024","4,820","4,770","4,840","4,760","262.72M","2.12%"
"08/13/2024","4,720","4,700","4,750","4,690","109.53M","0.85%"
"08/12/2024","4,680","4,720","4,720","4,650","83.55M","0.21%"
"08/09/2024","4,670","4,700","4,730","4,670","98.73M","0.21%"
"08/08/2024","4,660","4,600","4,690","4,590","131.34M","0.87%"
"08/07/2024","4,620","4,640","4,640","4,590","125.98M","0.43%"
"08/06/2024","4,600","4,550","4,650","4,520","238.05M","1.55%"
"08/05/2024","4,530","4,660","4,670","4,510","329.43M","-3.82%"
"08/02/2024","4,710","4,730","4,750","4,690","113.33M","-0.84%"
"08/01/2024","4,750","4,710","4,750","4,690","169.64M","1.71%"
"07/31/2024","4,670","4,650","4,710","4,650","168.49M","0.00%"
"07/30/2024","4,670","4,720","4,740","4,670","204.37M","-2.30%"
"07/29/2024","4,780","4,800","4,800","4,760","126.11M","0.42%"
"07/26/2024","4,760","4,760","4,810","4,740","192.27M","1.28%"
"07/25/2024","4,700","4,760","4,760","4,660","274.40M","-1.67%"
"07/24/2024","4,780","4,770","4,800","4,760","116.04M","-0.21%"
"07/23/2024","4,790","4,900","4,910","4,780","170.92M","-2.44%"
"07/22/2024","4,910","4,920","4,940","4,880","140.13M","0.20%"
"07/19/2024","4,900","4,870","4,910","4,850","135.10M","0.20%"
"07/18/2024","4,890","4,760","4,890","4,750","296.61M","2.73%"
"07/17/2024","4,760","4,750","4,810","4,720","263.33M","0.63%"
"07/16/2024","4,730","4,820","4,840","4,730","189.27M","-1.87%"
"07/15/2024","4,820","4,920","4,930","4,810","188.71M","-1.63%"
"07/12/2024","4,900","4,970","4,980","4,880","327.14M","1.24%"
"07/11/2024","4,840","4,910","4,920","4,840","170.47M","-0.21%"
"07/10/2024","4,850","4,870","4,920","4,840","167.62M","-0.41%"
"07/09/2024","4,870","4,780","4,930","4,750","291.32M","2.53%"
"07/08/2024","4,750","4,800","4,830","4,740","222.04M","-1.04%"
"07/05/2024","4,800","4,850","4,870","4,790","218.28M","0.21%"
"07/04/2024","4,790","4,680","4,830","4,660","422.26M","4.13%"
"07/03/2024","4,600","4,630","4,640","4,560","176.31M","0.66%"
"07/02/2024","4,570","4,610","4,630","4,570","234.40M","-1.30%"
"07/01/2024","4,630","4,630","4,670","4,560","261.42M","0.65%"
"06/28/2024","4,600","4,590","4,640","4,580","581.32M","3.14%"
"06/27/2024","4,460","4,410","4,500","4,380","299.43M","2.06%"
"06/26/2024","4,370","4,390","4,430","4,350","150.30M","-0.23%"
"06/25/2024","4,380","4,320","4,400","4,280","383.57M","-0.45%"
"06/24/2024","4,400","4,440","4,510","4,400","303.83M","-0.90%"
"06/21/2024","4,440","4,280","4,490","4,260","542.70M","3.98%"
"06/20/2024","4,270","4,130","4,270","4,130","387.13M","4.15%"
"06/19/2024","4,100","4,100","4,240","4,090","410.34M","-1.91%"
"06/14/2024","4,180","4,300","4,320","4,170","358.89M","-3.02%"
"06/13/2024","4,310","4,400","4,420","4,300","238.35M","-0.92%"
"06/12/2024","4,350","4,340","4,360","4,310","187.33M","0.23%"
"06/11/2024","4,340","4,380","4,440","4,340","197.85M","-1.36%"
"06/10/2024","4,400","4,350","4,430","4,320","181.39M","1.15%"
"06/07/2024","4,350","4,490","4,500","4,350","375.44M","-3.33%"
"06/06/2024","4,500","4,450","4,500","4,390","281.53M","2.27%"
"06/05/2024","4,400","4,500","4,500","4,400","246.36M","-1.12%"
"06/04/2024","4,450","4,560","4,590","4,450","332.90M","-1.77%"
"06/03/2024","4,530","4,430","4,560","4,400","345.77M","4.38%"
"05/31/2024","4,340","4,430","4,470","4,330","655.14M","-0.91%"
"05/30/2024","4,380","4,400","4,480","4,310","502.93M","-0.68%"
"05/29/2024","4,410","4,480","4,500","4,400","465.01M","-2.65%"
"05/28/2024","4,530","4,580","4,630","4,520","258.07M","-0.44%"
"05/27/2024","4,550","4,700","4,720","4,550","363.72M","-3.60%"
"05/22/2024","4,720","4,650","4,770","4,650","215.07M","0.85%"
"05/21/2024","4,680","4,810","4,870","4,680","272.60M","-2.90%"
"05/20/2024","4,820","4,990","5,050","4,820","335.15M","-2.03%"
"05/17/2024","4,920","4,840","4,960","4,820","208.99M","1.65%"
"05/16/2024","4,840","4,930","4,960","4,840","371.30M","0.41%"
"05/15/2024","4,820","4,780","4,870","4,760","298.99M","1.90%"
"05/14/2024","4,730","4,720","4,810","4,700","341.46M","1.07%"
"05/13/2024","4,680","4,650","4,700","4,630","320.07M","0.00%"
"05/08/2024","4,680","4,650","4,740","4,570","572.28M","0.21%"
"05/07/2024","4,670","4,770","4,780","4,670","304.01M","-2.51%"
"05/06/2024","4,790","4,800","4,840","4,730","262.71M","0.84%"
"05/03/2024","4,750","4,760","4,830","4,710","322.18M","-0.21%"
"05/02/2024","4,760","4,910","4,920","4,700","636.92M","-3.64%"
"04/30/2024","4,940","4,850","5,050","4,820","565.61M","3.56%"
"04/29/2024","4,770","4,700","4,890","4,680","700.64M","-1.24%"
"04/26/2024","4,830","5,050","5,100","4,830","782.59M","-6.21%"
"04/25/2024","5,150","5,125","5,200","5,050","479.17M","-1.44%"
"04/24/2024","5,225","5,250","5,350","5,150","471.24M","-1.42%"
"04/23/2024","5,300","5,350","5,400","5,225","283.68M","0.00%"
"04/22/2024","5,300","5,200","5,325","5,150","342.28M","0.47%"
"04/19/2024","5,275","5,350","5,375","5,250","258.21M","-3.65%"
"04/18/2024","5,475","5,300","5,500","5,300","247.41M","3.30%"
"04/17/2024","5,300","5,475","5,500","5,300","244.00M","-0.93%"
"04/16/2024","5,350","5,375","5,575","5,350","600.72M","-5.31%"
"04/05/2024","5,650","5,625","5,700","5,625","178.82M","-0.88%"
"04/04/2024","5,700","5,650","5,750","5,650","133.41M","1.33%"
"04/03/2024","5,625","5,575","5,675","5,525","333.52M","-0.88%"
"04/02/2024","5,675","5,850","5,950","5,625","412.18M","-4.22%"
"04/01/2024","5,925","6,000","6,025","5,825","217.21M","-2.07%"
"03/28/2024","6,050","6,100","6,200","6,025","288.93M","-3.20%"
"03/27/2024","6,250","6,300","6,325","6,225","73.31M","-0.79%"
"03/26/2024","6,300","6,200","6,300","6,200","120.75M","0.80%"
"03/25/2024","6,250","6,150","6,250","6,125","115.73M","2.04%"
"03/22/2024","6,125","6,050","6,125","6,050","74.94M","0.41%"
"03/21/2024","6,100","6,175","6,200","6,100","136.02M","0.00%"
"03/20/2024","6,100","6,000","6,100","6,000","120.89M","1.67%"
"03/19/2024","6,000","6,000","6,050","5,975","114.34M","0.00%"
"03/18/2024","6,000","6,000","6,100","5,975","110.56M","0.42%"
"03/15/2024","5,975","6,000","6,075","5,950","306.00M","-2.85%"
"03/14/2024","6,150","6,175","6,200","6,050","271.25M","-3.91%"
"03/13/2024","6,400","6,350","6,450","6,350","195.17M","0.79%"
"03/08/2024","6,350","6,275","6,400","6,250","163.06M","2.01%"
"03/07/2024","6,225","6,200","6,275","6,200","117.72M","0.40%"
"03/06/2024","6,200","6,100","6,200","6,100","84.11M","1.22%"
"03/05/2024","6,125","6,100","6,175","6,075","115.08M","1.24%"
"03/04/2024","6,050","6,125","6,125","6,050","70.35M","-1.22%"
"03/01/2024","6,125","6,175","6,175","6,075","76.29M","0.00%"
"02/29/2024","6,125","6,150","6,200","6,125","173.85M","-1.61%"
"02/28/2024","6,225","6,100","6,225","6,100","118.75M","1.63%"
"02/27/2024","6,125","6,125","6,200","6,125","99.19M","-0.81%"
"02/26/2024","6,175","6,100","6,200","6,075","110.51M","0.82%"
"02/23/2024","6,125","6,125","6,175","6,050","148.64M","-2.00%"
"02/22/2024","6,250","6,250","6,300","6,225","100.26M","-0.79%"
"02/21/2024","6,300","6,325","6,375","6,225","169.29M","0.00%"
"02/20/2024","6,300","6,175","6,300","6,175","160.87M","3.28%"
"02/19/2024","6,100","6,125","6,175","6,075","111.38M","-0.81%"
"02/16/2024","6,150","6,150","6,200","6,125","130.81M","0.41%"
"02/15/2024","6,125","6,275","6,275","6,100","308.69M","2.08%"
"02/13/2024","6,000","6,050","6,050","5,950","145.85M","-0.41%"
"02/12/2024","6,025","5,875","6,025","5,850","200.86M","2.99%"
"02/07/2024","5,850","5,850","5,900","5,825","147.57M","0.43%"
"02/06/2024","5,825","5,900","5,900","5,800","126.70M","0.87%"
"02/05/2024","5,775","5,800","5,825","5,750","113.76M","-1.28%"
"02/02/2024","5,850","5,800","5,850","5,750","177.21M","1.74%"
"02/01/2024","5,750","5,775","5,800","5,725","156.63M","0.88%"
"01/31/2024","5,700","5,725","5,775","5,675","245.12M","1.33%"
"01/30/2024","5,625","5,525","5,650","5,475","150.52M","0.90%"
"01/29/2024","5,575","5,400","5,575","5,400","145.63M","2.76%"
"01/26/2024","5,425","5,450","5,475","5,400","185.24M","-1.81%"
"01/25/2024","5,525","5,575","5,650","5,525","120.48M","-2.21%"
"01/24/2024","5,650","5,675","5,700","5,575","104.23M","-0.88%"
"01/23/2024","5,700","5,700","5,750","5,650","123.00M","-1.30%"
"01/22/2024","5,775","5,775","5,800","5,700","97.55M","-0.43%"
"01/19/2024","5,800","5,750","5,800","5,700","75.37M","0.87%"
"01/18/2024","5,750","5,800","5,800","5,700","87.26M","-0.43%"
"01/17/2024","5,775","5,825","5,825","5,750","107.94M","-0.86%"
"01/16/2024","5,825","5,825","5,875","5,775","97.07M","0.00%"
"01/15/2024","5,825","5,850","5,900","5,775","115.28M","-0.43%"
"01/12/2024","5,850","5,800","5,850","5,775","109.72M","1.74%"
"01/11/2024","5,750","5,750","5,800","5,700","132.21M","0.88%"
"01/10/2024","5,700","5,625","5,700","5,625","82.63M","0.00%"
"01/09/2024","5,700","5,625","5,700","5,625","105.67M","1.33%"
"01/08/2024","5,625","5,750","5,800","5,625","152.02M","-2.17%"
"01/05/2024","5,750","5,725","5,850","5,700","134.93M","0.88%"
"01/04/2024","5,700","5,600","5,700","5,575","118.47M","1.79%"
"01/03/2024","5,600","5,625","5,650","5,600","83.66M","-1.32%"
"01/02/2024","5,675","5,650","5,675","5,625","91.14M","-0.87%"
"12/29/2023","5,725","5,750","5,750","5,675","93.13M","0.00%"
"12/28/2023","5,725","5,700","5,750","5,675","121.43M","1.78%"
"12/27/2023","5,625","5,700","5,725","5,625","131.37M","-0.88%"
"12/22/2023","5,675","5,650","5,700","5,600","109.41M","1.79%"
"12/21/2023","5,575","5,550","5,600","5,525","99.05M","0.45%"
"12/20/2023","5,550","5,700","5,700","5,550","138.47M","0.00%"
"12/19/2023","5,550","5,450","5,550","5,450","158.89M","0.91%"
"12/18/2023","5,500","5,575","5,575","5,500","102.78M","-0.90%"
"12/15/2023","5,550","5,575","5,600","5,550","252.45M","0.00%"
"12/14/2023","5,550","5,450","5,550","5,425","270.76M","4.72%"
"12/13/2023","5,300","5,300","5,350","5,275","98.88M","-0.47%"
"12/12/2023","5,325","5,375","5,400","5,325","134.50M","0.47%"
"12/11/2023","5,300","5,325","5,375","5,300","124.47M","-1.40%"
"12/08/2023","5,375","5,425","5,450","5,375","130.54M","-1.83%"
"12/07/2023","5,475","5,400","5,475","5,400","102.13M","0.92%"
"12/06/2023","5,425","5,425","5,450","5,400","119.72M","-0.46%"
"12/05/2023","5,450","5,425","5,500","5,425","114.69M","-0.91%"
"12/04/2023","5,500","5,450","5,575","5,450","235.66M","2.80%"
"12/01/2023","5,350","5,275","5,375","5,275","99.50M","1.42%"
"11/30/2023","5,275","5,375","5,375","5,275","224.43M","-0.47%"
"11/29/2023","5,300","5,350","5,375","5,300","106.20M","-0.93%"
"11/28/2023","5,350","5,325","5,425","5,325","147.99M","0.00%"
"11/27/2023","5,350","5,425","5,450","5,350","76.02M","-0.93%"
"11/24/2023","5,400","5,400","5,450","5,375","104.41M","0.93%"
"11/23/2023","5,350","5,325","5,400","5,300","174.57M","1.42%"
"11/22/2023","5,275","5,175","5,300","5,175","103.59M","1.44%"
"11/21/2023","5,200","5,225","5,250","5,175","104.11M","-0.95%"
"11/20/2023","5,250","5,175","5,275","5,175","67.31M","0.48%"
"11/17/2023","5,225","5,175","5,250","5,175","70.73M","-0.48%"
"11/16/2023","5,250","5,275","5,275","5,175","129.68M","0.00%"
"11/15/2023","5,250","5,200","5,300","5,175","193.79M","3.45%"
"11/14/2023","5,075","5,075","5,125","5,050","85.42M","1.00%"
"11/13/2023","5,025","5,075","5,125","5,025","92.52M","-0.99%"
"11/10/2023","5,075","5,150","5,150","5,050","113.81M","-2.40%"
"11/09/2023","5,200","5,225","5,275","5,200","66.24M","-0.48%"
"11/08/2023","5,225","5,200","5,250","5,175","86.78M","-0.48%"
"11/07/2023","5,250","5,225","5,275","5,175","137.04M","0.96%"
"11/06/2023","5,200","5,100","5,200","5,100","122.33M","1.96%"
"11/03/2023","5,100","5,025","5,175","5,025","125.50M","2.00%"
"11/02/2023","5,000","4,940","5,075","4,910","208.08M","3.52%"
"11/01/2023","4,830","4,920","4,960","4,830","191.57M","-2.62%"
"10/31/2023","4,960","4,980","5,000","4,960","106.76M","-0.80%"
"10/30/2023","5,000","4,980","5,025","4,970","108.52M","0.00%"
"10/27/2023","5,000","4,950","5,050","4,940","129.60M","1.63%"
"10/26/2023","4,920","5,175","5,175","4,920","330.62M","-4.93%"
"10/25/2023","5,175","5,100","5,200","5,100","142.22M","1.47%"
"10/24/2023","5,100","5,000","5,100","4,950","104.02M","2.00%"
"10/23/2023","5,000","5,000","5,075","4,990","82.76M","-0.99%"
"10/20/2023","5,050","4,980","5,100","4,960","194.32M","1.00%"
"10/19/2023","5,000","5,100","5,150","5,000","195.83M","-2.91%"
"10/18/2023","5,150","5,125","5,225","5,125","180.35M","0.00%"
"10/17/2023","5,150","5,250","5,275","5,150","127.29M","-1.90%"
"10/16/2023","5,250","5,325","5,325","5,250","61.27M","-0.47%"
"10/13/2023","5,275","5,275","5,325","5,250","84.65M","-0.47%"
"10/12/2023","5,300","5,300","5,375","5,275","174.02M","0.95%"
"10/11/2023","5,250","5,150","5,275","5,150","100.39M","1.45%"
"10/10/2023","5,175","5,125","5,250","5,125","115.57M","0.98%"
"10/09/2023","5,125","5,200","5,225","5,125","144.48M","-0.97%"
"10/06/2023","5,175","5,200","5,250","5,175","70.20M","0.00%"
"10/05/2023","5,175","5,250","5,275","5,175","116.81M","-1.43%"
"10/04/2023","5,250","5,250","5,275","5,200","121.45M","-0.47%"
"10/03/2023","5,275","5,250","5,300","5,250","54.51M","0.48%"
"10/02/2023","5,250","5,250","5,300","5,250","81.67M","0.48%"
"09/29/2023","5,225","5,300","5,325","5,225","140.35M","0.00%"
"09/27/2023","5,225","5,175","5,300","5,175","119.77M","0.48%"
"09/26/2023","5,200","5,250","5,275","5,200","180.28M","-1.89%"
"09/25/2023","5,300","5,325","5,350","5,200","131.58M","-0.93%"
"09/22/2023","5,350","5,350","5,425","5,350","83.18M","0.00%"
"09/21/2023","5,350","5,425","5,425","5,350","68.58M","-0.47%"
"09/20/2023","5,375","5,350","5,450","5,350","98.71M","0.00%"
"09/19/2023","5,375","5,325","5,375","5,300","61.07M","0.94%"
"09/18/2023","5,325","5,350","5,400","5,300","61.33M","-0.93%"
"09/15/2023","5,375","5,400","5,450","5,375","141.46M","-0.92%"
"09/14/2023","5,425","5,325","5,425","5,325","76.83M","0.46%"
"09/13/2023","5,400","5,350","5,425","5,350","59.41M","0.47%"
"09/12/2023","5,375","5,450","5,475","5,375","121.65M","-0.92%"
"09/11/2023","5,425","5,350","5,425","5,300","80.47M","1.40%"
"09/08/2023","5,350","5,425","5,450","5,300","243.32M","-1.83%"
"09/07/2023","5,450","5,525","5,550","5,450","158.00M","-2.24%"
"09/06/2023","5,575","5,625","5,650","5,575","106.37M","-0.89%"
"09/05/2023","5,625","5,625","5,650","5,600","72.46M","0.00%"
"09/04/2023","5,625","5,600","5,625","5,575","43.90M","0.90%"
"09/01/2023","5,575","5,600","5,600","5,525","87.37M","0.45%"
"08/31/2023","5,550","5,525","5,550","5,475","175.09M","0.45%"
"08/30/2023","5,525","5,600","5,600","5,500","171.28M","-1.34%"
"08/29/2023","5,600","5,525","5,600","5,525","57.55M","0.90%"
"08/28/2023","5,550","5,600","5,625","5,550","37.13M","-0.89%"
"08/25/2023","5,600","5,550","5,600","5,525","65.10M","0.90%"
"08/24/2023","5,550","5,625","5,625","5,550","74.41M","-0.89%"
"08/23/2023","5,600","5,600","5,625","5,575","78.69M","0.45%"
"08/22/2023","5,575","5,500","5,625","5,500","101.22M","1.36%"
"08/21/2023","5,500","5,550","5,575","5,500","91.64M","-1.35%"
"08/18/2023","5,575","5,500","5,600","5,500","121.56M","0.90%"
"08/16/2023","5,525","5,550","5,575","5,450","226.75M","-0.90%"
"08/15/2023","5,575","5,650","5,675","5,575","89.60M","-1.33%"
"08/14/2023","5,650","5,650","5,675","5,575","127.36M","0.00%"
"08/11/2023","5,650","5,675","5,700","5,650","74.32M","-0.88%"
"08/10/2023","5,700","5,675","5,725","5,675","85.57M","0.00%"
"08/09/2023","5,700","5,650","5,725","5,625","91.93M","1.33%"
"08/08/2023","5,625","5,700","5,750","5,600","115.67M","-1.32%"
"08/07/2023","5,700","5,600","5,725","5,575","88.10M","2.24%"
"08/04/2023","5,575","5,700","5,725","5,575","150.74M","-2.19%"
"08/03/2023","5,700","5,675","5,750","5,650","82.78M","0.00%"
"08/02/2023","5,700","5,650","5,725","5,650","90.61M","0.00%"
"08/01/2023","5,700","5,650","5,750","5,650","100.14M","0.88%"
"07/31/2023","5,650","5,700","5,700","5,650","186.73M","-0.88%"
"07/28/2023","5,700","5,625","5,700","5,625","74.04M","0.88%"
"07/27/2023","5,650","5,675","5,750","5,650","109.86M","-0.44%"
"07/26/2023","5,675","5,700","5,700","5,650","76.20M","0.44%"
"07/25/2023","5,650","5,625","5,700","5,625","111.25M","0.89%"
"07/24/2023","5,600","5,600","5,650","5,600","62.96M","-0.44%"
"07/21/2023","5,625","5,600","5,625","5,575","63.09M","0.00%"
"07/20/2023","5,625","5,575","5,650","5,550","111.12M","0.00%"
"07/18/2023","5,625","5,625","5,700","5,600","141.88M","0.90%"
"07/17/2023","5,575","5,550","5,625","5,525","166.95M","0.90%"
"07/14/2023","5,525","5,450","5,525","5,425","127.81M","1.38%"
"07/13/2023","5,450","5,425","5,475","5,425","134.91M","0.00%"
"07/12/2023","5,450","5,450","5,475","5,425","104.99M","0.46%"
"07/11/2023","5,425","5,375","5,450","5,375","122.09M","0.46%"
"07/10/2023","5,400","5,425","5,500","5,400","78.97M","0.47%"
"07/07/2023","5,375","5,400","5,425","5,375","114.04M","-0.92%"
"07/06/2023","5,425","5,450","5,475","5,400","109.45M","-0.46%"
"07/05/2023","5,450","5,400","5,450","5,400","109.63M","0.00%"
"07/04/2023","5,450","5,500","5,500","5,425","94.46M","-0.46%"
"07/03/2023","5,475","5,500","5,550","5,450","168.57M","0.92%"
"06/27/2023","5,425","5,450","5,500","5,425","110.78M","-0.46%"
"06/26/2023","5,450","5,425","5,475","5,375","85.47M","0.93%"
"06/23/2023","5,400","5,425","5,475","5,400","123.35M","-1.37%"
"06/22/2023","5,475","5,550","5,600","5,475","94.14M","-1.79%"
"06/21/2023","5,575","5,500","5,575","5,500","84.66M","0.45%"
"06/20/2023","5,550","5,475","5,550","5,475","102.93M","0.45%"
"06/19/2023","5,525","5,500","5,525","5,450","55.14M","-0.45%"
"06/16/2023","5,550","5,475","5,550","5,400","189.06M","0.45%"
"06/15/2023","5,525","5,475","5,525","5,450","74.39M","-0.45%"
"06/14/2023","5,550","5,575","5,575","5,475","79.14M","0.00%"
"06/13/2023","5,550","5,400","5,550","5,400","108.83M","2.78%"
"06/12/2023","5,400","5,400","5,400","5,375","92.31M","-0.46%"
"06/09/2023","5,425","5,425","5,450","5,375","77.35M","-0.91%"
"06/08/2023","5,475","5,375","5,475","5,350","92.79M","1.39%"
"06/07/2023","5,400","5,475","5,475","5,350","117.65M","-0.92%"
"06/06/2023","5,450","5,400","5,500","5,350","92.02M","0.46%"
"06/05/2023","5,425","5,600","5,600","5,425","255.47M","-2.69%"
"05/31/2023","5,575","5,575","5,575","5,375","506.88M","1.36%"
"05/30/2023","5,500","5,500","5,600","5,500","89.88M","-0.90%"
"05/29/2023","5,550","5,600","5,625","5,475","125.05M","-0.89%"
"05/26/2023","5,600","5,425","5,600","5,425","154.00M","2.28%"
"05/25/2023","5,475","5,500","5,575","5,450","197.94M","-2.23%"
"05/24/2023","5,600","5,525","5,600","5,450","156.21M","1.82%"
"05/23/2023","5,500","5,475","5,600","5,475","221.67M","1.38%"
"05/22/2023","5,425","5,300","5,500","5,300","163.19M","0.46%"
"05/19/2023","5,400","5,225","5,450","5,200","166.54M","3.85%"
"05/17/2023","5,200","5,250","5,250","5,175","115.84M","0.00%"
"05/16/2023","5,200","5,175","5,200","5,100","86.62M","0.97%"
"05/15/2023","5,150","5,150","5,175","5,025","133.63M","0.00%"
"05/12/2023","5,150","5,100","5,175","5,100","77.16M","0.00%"
"05/11/2023","5,150","5,175","5,175","5,100","85.63M","0.00%"
"05/10/2023","5,150","5,075","5,150","5,050","108.42M","0.49%"
"05/09/2023","5,125","5,050","5,125","5,025","103.02M","0.49%"
"05/08/2023","5,100","5,250","5,250","5,050","107.80M","-2.39%"
"05/05/2023","5,225","5,225","5,250","5,125","158.90M","1.46%"
"05/04/2023","5,150","5,150","5,175","5,075","120.04M","0.98%"
"05/03/2023","5,100","5,225","5,225","5,050","152.48M","-0.97%"
"05/02/2023","5,150","5,175","5,175","5,050","113.29M","0.98%"
"04/28/2023","5,100","5,175","5,275","5,100","251.91M","-0.97%"
"04/27/2023","5,150","4,990","5,150","4,990","161.58M","2.49%"
"04/26/2023","5,025","5,150","5,150","4,930","273.34M","1.52%"
"04/18/2023","4,950","4,990","5,025","4,950","96.87M","-0.80%"
"04/17/2023","4,990","5,075","5,075","4,960","121.24M","-1.67%"
"04/14/2023","5,075","5,050","5,100","5,000","168.23M","1.91%"
"04/13/2023","4,980","4,950","5,000","4,930","179.41M","1.01%"
"04/12/2023","4,930","4,950","4,950","4,890","166.99M","1.02%"
"04/11/2023","4,880","4,860","4,890","4,830","67.29M","0.41%"
"04/10/2023","4,860","4,860","4,860","4,820","40.47M","0.41%"
"04/06/2023","4,840","4,860","4,860","4,820","88.04M","0.21%"
"04/05/2023","4,830","4,810","4,880","4,800","119.45M","0.21%"
"04/04/2023","4,820","4,800","4,820","4,760","65.77M","0.42%"
"04/03/2023","4,800","4,770","4,800","4,760","115.87M","1.48%"
"03/31/2023","4,730","4,730","4,750","4,710","161.60M","-0.42%"
"03/30/2023","4,750","4,810","4,810","4,740","98.85M","-1.25%"
"03/29/2023","4,810","4,800","4,820","4,770","112.59M","0.84%"
"03/28/2023","4,770","4,740","4,780","4,740","88.58M","0.63%"
"03/27/2023","4,740","4,750","4,790","4,720","144.96M","-0.63%"
"03/24/2023","4,770","4,750","4,820","4,720","311.15M","-2.65%"
"03/21/2023","4,900","4,870","4,920","4,840","193.10M","0.41%"
"03/20/2023","4,880","4,840","4,880","4,820","114.46M","-0.41%"
"03/17/2023","4,900","4,770","4,900","4,750","204.81M","3.59%"
"03/16/2023","4,730","4,700","4,750","4,640","141.49M","0.64%"
"03/15/2023","4,700","4,760","4,770","4,700","89.89M","-0.21%"
"03/14/2023","4,710","4,770","4,790","4,690","193.56M","-2.48%"
"03/13/2023","4,830","4,810","4,870","4,770","106.77M","0.21%"
"03/10/2023","4,820","4,820","4,830","4,800","125.16M","0.21%"
"03/09/2023","4,810","4,860","4,870","4,810","79.55M","-0.62%"
"03/08/2023","4,840","4,850","4,850","4,820","103.77M","0.00%"
"03/07/2023","4,840","4,770","4,850","4,770","98.41M","1.04%"
"03/06/2023","4,790","4,790","4,800","4,780","78.88M","0.63%"
"03/03/2023","4,760","4,800","4,800","4,730","84.78M","-0.42%"
"03/02/2023","4,780","4,750","4,780","4,720","59.39M","1.27%"
"03/01/2023","4,720","4,730","4,750","4,700","115.58M","1.07%"
"02/28/2023","4,670","4,760","4,790","4,670","273.13M","-2.91%"
"02/27/2023","4,810","4,780","4,810","4,760","76.71M","1.05%"
"02/24/2023","4,760","4,800","4,840","4,760","60.50M","-0.83%"
"02/23/2023","4,800","4,810","4,810","4,730","139.21M","0.84%"
"02/22/2023","4,760","4,790","4,810","4,730","122.40M","-1.24%"
"02/21/2023","4,820","4,880","4,880","4,820","59.32M","-1.23%"
"02/20/2023","4,880","4,900","4,900","4,840","88.43M","0.00%"
"02/17/2023","4,880","4,890","4,890","4,830","90.55M","0.21%"
"02/16/2023","4,870","4,890","4,890","4,850","69.97M","0.00%"
"02/15/2023","4,870","4,890","4,890","4,810","107.13M","0.00%"
"02/14/2023","4,870","4,820","4,870","4,810","101.01M","1.46%"
"02/13/2023","4,800","4,900","4,900","4,800","122.51M","-1.23%"
"02/10/2023","4,860","4,840","4,880","4,770","181.15M","1.04%"
"02/09/2023","4,810","4,790","4,840","4,770","155.92M","0.42%"
"02/08/2023","4,790","4,710","4,790","4,710","168.62M","0.84%"
"02/07/2023","4,750","4,740","4,790","4,720","140.92M","0.21%"
"02/06/2023","4,740","4,780","4,810","4,680","141.45M","-0.21%"
"02/03/2023","4,750","4,650","4,780","4,630","198.94M","3.26%"
"02/02/2023","4,600","4,650","4,680","4,600","125.41M","-1.71%"
"02/01/2023","4,680","4,630","4,690","4,620","181.95M","2.18%"
"01/31/2023","4,580","4,610","4,620","4,570","211.64M","-0.65%"
"01/30/2023","4,610","4,650","4,680","4,570","221.10M","-0.65%"
"01/27/2023","4,640","4,600","4,680","4,600","160.35M","1.09%"
"01/26/2023","4,590","4,560","4,620","4,550","113.89M","0.66%"
"01/25/2023","4,560","4,620","4,620","4,550","73.86M","-1.30%"
"01/24/2023","4,620","4,660","4,680","4,590","74.76M","-0.65%"
"01/20/2023","4,650","4,630","4,670","4,620","99.72M","0.87%"
"01/19/2023","4,610","4,590","4,630","4,580","103.20M","0.22%"
"01/18/2023","4,600","4,560","4,620","4,560","178.06M","0.88%"
"01/17/2023","4,560","4,520","4,580","4,510","150.58M","0.88%"
"01/16/2023","4,520","4,430","4,530","4,420","162.03M","0.89%"
"01/13/2023","4,480","4,510","4,530","4,420","134.66M","-0.44%"
"01/12/2023","4,500","4,480","4,520","4,410","191.80M","2.74%"
"01/11/2023","4,380","4,410","4,430","4,360","249.09M","-1.13%"
"01/10/2023","4,430","4,550","4,570","4,410","250.49M","-3.49%"
"01/09/2023","4,590","4,580","4,640","4,550","166.62M","-0.65%"
"01/06/2023","4,620","4,550","4,640","4,550","175.93M","-0.43%"
"01/05/2023","4,640","4,750","4,760","4,570","292.14M","-2.73%"
"01/04/2023","4,770","4,850","4,850","4,770","188.23M","-1.65%"
"01/03/2023","4,850","4,830","4,900","4,830","95.18M","-0.41%"
"01/02/2023","4,870","4,910","4,920","4,820","109.07M","-1.42%"
"12/30/2022","4,940","4,870","4,950","4,870","182.09M","1.44%"
"12/29/2022","4,870","4,820","4,870","4,800","106.69M","1.04%"
"12/28/2022","4,820","4,870","4,880","4,810","134.32M","-1.03%"
"12/27/2022","4,870","4,930","4,950","4,860","81.82M","-1.22%"
"12/26/2022","4,930","4,900","4,930","4,890","43.59M","1.02%"
"12/23/2022","4,880","4,920","4,940","4,880","53.35M","-1.61%"
"12/22/2022","4,960","4,910","4,970","4,900","72.73M","1.43%"
"12/21/2022","4,890","4,910","4,940","4,870","71.60M","-0.41%"
"12/20/2022","4,910","4,930","4,970","4,890","79.07M","-1.21%"
"12/19/2022","4,970","4,970","4,980","4,920","64.76M","-0.20%"
"12/16/2022","4,980","4,820","4,980","4,820","350.11M","1.43%"
"12/15/2022","4,910","4,900","4,940","4,880","143.09M","-1.41%"
"12/14/2022","4,980","5,000","5,000","4,870","201.34M","0.20%"
"12/13/2022","4,970","4,870","4,980","4,840","158.08M","2.47%"
"12/12/2022","4,850","4,800","4,850","4,760","113.79M","1.04%"
"12/09/2022","4,800","4,830","4,840","4,760","180.38M","-0.83%"
"12/08/2022","4,840","4,760","4,840","4,710","137.59M","1.68%"
"12/07/2022","4,760","4,840","4,840","4,740","219.53M","-2.06%"
"12/06/2022","4,860","4,860","4,890","4,800","151.35M","-0.61%"
"12/05/2022","4,890","4,910","4,930","4,860","106.81M","0.00%"
"12/02/2022","4,890","4,900","4,930","4,860","200.04M","-1.01%"
"12/01/2022","4,940","5,000","5,025","4,900","240.17M","-0.80%"
"11/30/2022","4,980","4,810","4,980","4,800","395.47M","2.68%"
"11/29/2022","4,850","4,820","4,860","4,790","166.06M","0.62%"
"11/28/2022","4,820","4,730","4,830","4,730","195.21M","1.47%"
"11/25/2022","4,750","4,700","4,750","4,690","152.04M","0.64%"
"11/24/2022","4,720","4,700","4,740","4,670","168.90M","1.07%"
"11/23/2022","4,670","4,640","4,670","4,630","148.64M","1.74%"
"11/22/2022","4,590","4,570","4,670","4,570","154.87M","0.00%"
"11/21/2022","4,590","4,620","4,630","4,560","96.34M","-0.43%"
"11/18/2022","4,610","4,670","4,680","4,610","105.35M","-1.28%"
"11/17/2022","4,670","4,520","4,670","4,500","217.13M","3.32%"
"11/16/2022","4,520","4,590","4,610","4,490","249.90M","-1.31%"
"11/15/2022","4,580","4,580","4,610","4,560","71.99M","0.00%"
"11/14/2022","4,580","4,620","4,640","4,550","156.89M","-1.51%"
"11/11/2022","4,650","4,620","4,650","4,590","153.24M","2.65%"
"11/10/2022","4,530","4,560","4,580","4,520","173.83M","-2.58%"
"11/09/2022","4,650","4,600","4,650","4,600","94.72M","0.65%"
"11/08/2022","4,620","4,690","4,690","4,610","81.05M","-1.49%"
"11/07/2022","4,690","4,650","4,690","4,610","84.93M","0.86%"
"11/04/2022","4,650","4,650","4,660","4,610","73.01M","0.00%"
"11/03/2022","4,650","4,630","4,660","4,590","147.39M","0.87%"
"11/02/2022","4,610","4,680","4,680","4,570","145.30M","-1.07%"
"11/01/2022","4,660","4,690","4,700","4,630","214.44M","0.22%"
"10/31/2022","4,650","4,630","4,680","4,630","227.97M","0.43%"
"10/28/2022","4,630","4,600","4,630","4,560","189.53M","0.65%"
"10/27/2022","4,600","4,550","4,600","4,530","131.41M","1.55%"
"10/26/2022","4,530","4,600","4,610","4,500","164.99M","-1.31%"
"10/25/2022","4,590","4,560","4,610","4,550","237.86M","2.00%"
"10/24/2022","4,500","4,430","4,540","4,430","187.00M","1.58%"
"10/21/2022","4,430","4,360","4,460","4,360","165.05M","0.91%"
"10/20/2022","4,390","4,280","4,400","4,280","149.52M","2.09%"
"10/19/2022","4,300","4,280","4,340","4,280","81.68M","0.23%"
"10/18/2022","4,290","4,280","4,340","4,280","161.44M","-0.23%"
"10/17/2022","4,300","4,270","4,320","4,260","145.51M","0.70%"
"10/14/2022","4,270","4,380","4,390","4,270","182.10M","-1.84%"
"10/13/2022","4,350","4,390","4,420","4,350","104.27M","-1.14%"
"10/12/2022","4,400","4,470","4,470","4,400","128.75M","-0.68%"
"10/11/2022","4,430","4,390","4,430","4,370","133.74M","1.37%"
"10/10/2022","4,370","4,420","4,430","4,340","193.92M","-1.58%"
"10/07/2022","4,440","4,480","4,490","4,430","133.68M","-1.55%"
"10/06/2022","4,510","4,540","4,570","4,510","123.35M","-0.66%"
"10/05/2022","4,540","4,660","4,660","4,540","182.25M","-2.16%"
"10/04/2022","4,640","4,560","4,650","4,560","256.37M","2.43%"
"10/03/2022","4,530","4,500","4,550","4,480","159.56M","0.89%"
"09/30/2022","4,490","4,450","4,510","4,410","224.23M","0.22%"
"09/29/2022","4,480","4,520","4,540","4,460","169.37M","-0.88%"
"09/28/2022","4,520","4,510","4,560","4,480","161.82M","-0.22%"
"09/27/2022","4,530","4,500","4,550","4,480","213.70M","-0.22%"
"09/26/2022","4,540","4,480","4,540","4,410","280.75M","1.34%"
"09/23/2022","4,480","4,540","4,560","4,480","139.07M","-1.75%"
"09/22/2022","4,560","4,500","4,580","4,500","100.43M","0.22%"
"09/21/2022","4,550","4,490","4,550","4,470","159.98M","1.34%"
"09/20/2022","4,490","4,570","4,600","4,490","138.70M","-1.75%"
"09/19/2022","4,570","4,520","4,600","4,500","134.43M","1.56%"
"09/16/2022","4,500","4,610","4,620","4,500","282.49M","-2.39%"
"09/15/2022","4,610","4,600","4,700","4,590","295.66M","0.66%"
"09/14/2022","4,580","4,520","4,610","4,510","149.96M","0.00%"
"09/13/2022","4,580","4,560","4,640","4,560","141.83M","0.44%"
"09/12/2022","4,560","4,610","4,630","4,560","97.99M","-1.08%"
"09/09/2022","4,610","4,640","4,640","4,570","119.29M","0.22%"
"09/08/2022","4,600","4,480","4,620","4,480","250.37M","3.14%"
"09/07/2022","4,460","4,510","4,550","4,460","212.07M","-2.19%"
"09/06/2022","4,560","4,670","4,690","4,550","188.12M","-0.65%"
"09/05/2022","4,590","4,430","4,600","4,420","261.13M","3.15%"
"09/02/2022","4,450","4,410","4,450","4,380","189.11M","1.37%"
"09/01/2022","4,390","4,320","4,390","4,310","140.00M","1.15%"
"08/31/2022","4,340","4,250","4,350","4,240","191.48M","1.88%"
"08/30/2022","4,260","4,250","4,300","4,250","136.63M","0.24%"
"08/29/2022","4,250","4,250","4,270","4,220","105.72M","-0.47%"
"08/26/2022","4,270","4,280","4,290","4,270","87.38M","0.00%"
"08/25/2022","4,270","4,280","4,300","4,270","117.65M","-0.47%"
"08/24/2022","4,290","4,300","4,330","4,280","75.06M","-0.23%"
"08/23/2022","4,300","4,260","4,310","4,260","107.80M","0.70%"
"08/22/2022","4,270","4,320","4,330","4,270","121.12M","-0.70%"
"08/19/2022","4,300","4,340","4,340","4,300","84.55M","-0.69%"
"08/18/2022","4,330","4,330","4,340","4,310","138.80M","1.17%"
"08/16/2022","4,280","4,350","4,350","4,270","205.43M","-0.47%"
"08/15/2022","4,300","4,330","4,350","4,300","135.10M","-0.46%"
"08/12/2022","4,320","4,340","4,350","4,320","104.33M","-0.69%"
"08/11/2022","4,350","4,380","4,410","4,340","193.33M","0.93%"
"08/10/2022","4,310","4,350","4,370","4,300","205.34M","-2.27%"
"08/09/2022","4,410","4,400","4,470","4,390","181.75M","0.92%"
"08/08/2022","4,370","4,360","4,400","4,340","107.24M","0.23%"
"08/05/2022","4,360","4,360","4,400","4,320","168.88M","0.00%"
"08/04/2022","4,360","4,380","4,390","4,350","96.96M","-0.46%"
"08/03/2022","4,380","4,410","4,420","4,350","103.43M","-0.45%"
"08/02/2022","4,400","4,360","4,400","4,300","173.93M","0.92%"
"08/01/2022","4,360","4,390","4,410","4,330","200.79M","0.00%"
"07/29/2022","4,360","4,390","4,430","4,340","228.67M","0.00%"
"07/28/2022","4,360","4,340","4,400","4,340","136.42M","0.93%"
"07/27/2022","4,320","4,380","4,380","4,300","88.57M","-0.23%"
"07/26/2022","4,330","4,270","4,350","4,260","97.71M","1.88%"
"07/25/2022","4,250","4,250","4,300","4,250","60.95M","-0.47%"
"07/22/2022","4,270","4,330","4,330","4,270","86.56M","-0.93%"
"07/21/2022","4,310","4,300","4,310","4,230","130.41M","0.23%"
"07/20/2022","4,300","4,180","4,300","4,160","220.22M","4.62%"
"07/19/2022","4,110","4,150","4,150","4,110","122.91M","-0.72%"
"07/18/2022","4,140","4,110","4,140","4,080","135.28M","0.73%"
"07/15/2022","4,110","4,060","4,120","4,050","91.36M","0.98%"
"07/14/2022","4,070","4,010","4,090","4,010","188.73M","0.25%"
"07/13/2022","4,060","4,110","4,130","4,030","165.75M","-1.22%"
"07/12/2022","4,110","4,120","4,140","4,100","56.09M","-0.24%"
"07/11/2022","4,120","4,150","4,170","4,100","80.87M","-1.90%"
"07/08/2022","4,200","4,090","4,200","4,050","112.91M","3.70%"
"07/07/2022","4,050","4,040","4,110","4,040","172.13M","-0.74%"
"07/06/2022","4,080","4,050","4,100","4,020","125.31M","-0.24%"
"07/05/2022","4,090","4,040","4,160","4,040","180.65M","1.24%"
"07/04/2022","4,040","4,090","4,120","3,960","246.85M","-2.42%"
"07/01/2022","4,140","4,150","4,200","4,110","154.66M","-0.24%"
"06/30/2022","4,150","4,120","4,220","4,120","239.94M","-0.72%"
"06/29/2022","4,180","4,280","4,310","4,180","199.25M","-2.79%"
"06/28/2022","4,300","4,320","4,330","4,280","161.05M","0.47%"
"06/27/2022","4,280","4,310","4,330","4,270","152.45M","-1.38%"
"06/24/2022","4,340","4,320","4,350","4,310","66.08M","0.70%"
"06/23/2022","4,310","4,300","4,360","4,300","127.60M","-0.23%"
"06/22/2022","4,320","4,410","4,410","4,310","106.21M","-1.37%"
"06/21/2022","4,380","4,430","4,430","4,380","103.96M","-0.45%"
"06/20/2022","4,400","4,400","4,410","4,340","95.06M","0.69%"
"06/17/2022","4,370","4,370","4,400","4,350","185.76M","-1.35%"
"06/16/2022","4,430","4,420","4,530","4,410","240.02M","-0.45%"
"06/15/2022","4,450","4,360","4,450","4,360","160.73M","2.06%"
"06/14/2022","4,360","4,300","4,410","4,300","150.38M","0.46%"
"06/13/2022","4,340","4,260","4,350","4,260","164.02M","-1.36%"
"06/10/2022","4,400","4,470","4,470","4,360","222.41M","-2.00%"
"06/09/2022","4,490","4,500","4,520","4,480","161.77M","0.45%"
"06/08/2022","4,470","4,400","4,470","4,380","150.60M","1.59%"
"06/07/2022","4,400","4,460","4,460","4,400","133.32M","-0.68%"
"06/06/2022","4,430","4,470","4,510","4,400","157.28M","-1.99%"
"06/03/2022","4,520","4,530","4,570","4,510","117.64M","0.89%"
"06/02/2022","4,480","4,540","4,600","4,480","225.70M","-3.24%"
"05/31/2022","4,630","4,470","4,630","4,450","379.63M","4.51%"
"05/30/2022","4,430","4,540","4,540","4,390","193.72M","-2.42%"
"05/27/2022","4,540","4,500","4,540","4,440","209.96M","4.37%"
"05/25/2022","4,350","4,430","4,450","4,350","138.96M","-2.47%"
"05/24/2022","4,460","4,320","4,500","4,320","165.76M","3.00%"
"05/23/2022","4,330","4,410","4,440","4,320","175.71M","-2.26%"
"05/20/2022","4,430","4,440","4,490","4,410","122.10M","-0.23%"
"05/19/2022","4,440","4,350","4,460","4,300","132.61M","-0.22%"
"05/18/2022","4,450","4,500","4,530","4,430","129.72M","0.00%"
"05/17/2022","4,450","4,270","4,520","4,270","272.65M","4.71%"
"05/13/2022","4,250","4,250","4,360","4,250","336.71M","-1.62%"
"05/12/2022","4,320","4,490","4,490","4,300","207.37M","-3.79%"
"05/11/2022","4,490","4,550","4,580","4,480","205.23M","-0.88%"
"05/10/2022","4,530","4,260","4,530","4,260","435.78M","0.00%"
"05/09/2022","4,530","4,750","4,760","4,530","561.60M","-6.98%"
"04/28/2022","4,870","4,870","4,930","4,860","193.82M","0.41%"
"04/27/2022","4,850","4,900","4,930","4,850","191.96M","-1.82%"
"04/26/2022","4,940","4,840","4,980","4,830","262.73M","2.07%"
"04/25/2022","4,840","4,700","4,850","4,670","235.75M","1.89%"
"04/22/2022","4,750","4,750","4,850","4,720","174.35M","-1.04%"
"04/21/2022","4,800","4,850","4,850","4,760","208.25M","-1.03%"
"04/20/2022","4,850","4,610","4,870","4,600","404.38M","6.13%"
"04/19/2022","4,570","4,550","4,600","4,540","148.48M","0.44%"
"04/18/2022","4,550","4,550","4,580","4,540","82.80M","0.22%"
"04/14/2022","4,540","4,600","4,610","4,530","150.66M","-1.52%"
"04/13/2022","4,610","4,640","4,640","4,590","112.33M","0.00%"
"04/12/2022","4,610","4,550","4,610","4,550","96.96M","0.88%"
"04/11/2022","4,570","4,600","4,620","4,570","109.86M","-0.87%"
"04/08/2022","4,610","4,630","4,650","4,600","125.66M","-0.43%"
"04/07/2022","4,630","4,670","4,670","4,620","91.94M","0.65%"
"04/06/2022","4,600","4,690","4,690","4,600","111.01M","-2.13%"
"04/05/2022","4,700","4,730","4,740","4,670","76.15M","0.00%"
"04/04/2022","4,700","4,730","4,730","4,660","103.90M","-0.63%"
"04/01/2022","4,730","4,690","4,730","4,630","145.10M","1.50%"
"03/31/2022","4,660","4,700","4,750","4,660","158.65M","-1.06%"
"03/30/2022","4,710","4,740","4,740","4,690","83.36M","0.43%"
"03/29/2022","4,690","4,750","4,750","4,670","93.16M","-0.85%"
"03/28/2022","4,730","4,730","4,740","4,670","106.80M","0.42%"
"03/25/2022","4,710","4,760","4,760","4,650","137.10M","-0.42%"
"03/24/2022","4,730","4,640","4,730","4,620","206.27M","1.72%"
"03/23/2022","4,650","4,680","4,690","4,620","146.54M","0.22%"
"03/22/2022","4,640","4,690","4,710","4,640","177.76M","1.09%"
"03/21/2022","4,590","4,600","4,630","4,560","118.79M","0.22%"
"03/18/2022","4,580","4,700","4,700","4,580","257.86M","-1.51%"
"03/17/2022","4,650","4,690","4,700","4,610","224.07M","0.00%"
"03/16/2022","4,650","4,650","4,660","4,610","226.82M","0.87%"
"03/15/2022","4,610","4,550","4,640","4,530","357.76M","1.99%"
"03/14/2022","4,520","4,440","4,540","4,410","212.05M","2.73%"
"03/11/2022","4,400","4,400","4,440","4,370","275.96M","-3.72%"
"03/10/2022","4,570","4,640","4,640","4,510","225.58M","0.00%"
"03/09/2022","4,570","4,530","4,590","4,500","191.97M","3.16%"
"03/08/2022","4,430","4,500","4,560","4,430","214.87M","-1.99%"
"03/07/2022","4,520","4,580","4,630","4,520","224.52M","-3.21%"
"03/04/2022","4,670","4,720","4,730","4,610","292.02M","2.41%"
"03/02/2022","4,560","4,680","4,690","4,550","186.64M","-1.51%"
"03/01/2022","4,630","4,850","4,860","4,630","494.66M","1.76%"
"02/25/2022","4,550","4,450","4,550","4,410","301.35M","3.64%"
"02/24/2022","4,390","4,470","4,470","4,370","217.52M","-2.01%"
"02/23/2022","4,480","4,520","4,520","4,460","160.83M","1.13%"
"02/22/2022","4,430","4,440","4,470","4,420","109.06M","-1.34%"
"02/21/2022","4,490","4,460","4,490","4,440","133.72M","1.35%"
"02/18/2022","4,430","4,400","4,440","4,370","127.06M","0.68%"
"02/17/2022","4,400","4,390","4,410","4,340","118.31M","-0.45%"
"02/16/2022","4,420","4,470","4,470","4,410","89.64M","-0.23%"
"02/15/2022","4,430","4,440","4,450","4,390","96.66M","0.45%"
"02/14/2022","4,410","4,450","4,450","4,380","105.26M","-0.90%"
"02/11/2022","4,450","4,420","4,450","4,380","103.42M","-0.45%"
"02/10/2022","4,470","4,500","4,500","4,450","112.52M","0.45%"
"02/09/2022","4,450","4,400","4,500","4,380","149.00M","0.23%"
"02/08/2022","4,440","4,450","4,550","4,400","310.88M","0.91%"
"02/07/2022","4,400","4,240","4,410","4,220","468.02M","4.51%"
"02/04/2022","4,210","4,170","4,210","4,150","236.60M","1.94%"
"02/03/2022","4,130","4,180","4,180","4,130","157.90M","1.47%"
"02/02/2022","4,070","4,120","4,120","4,060","81.55M","0.00%"
"01/31/2022","4,070","4,170","4,170","4,070","78.50M","-1.69%"
"01/28/2022","4,140","4,170","4,170","4,090","84.81M","0.00%"
"01/27/2022","4,140","4,070","4,140","4,060","80.68M","1.22%"
"01/26/2022","4,090","4,030","4,100","4,030","97.59M","0.49%"
"01/25/2022","4,070","4,100","4,110","4,000","185.01M","-1.21%"
"01/24/2022","4,120","4,140","4,160","4,100","76.71M","-1.20%"
"01/21/2022","4,170","4,130","4,170","4,110","84.97M","0.97%"
"01/20/2022","4,130","4,130","4,160","4,110","86.40M","0.00%"
"01/19/2022","4,130","4,210","4,210","4,130","109.96M","-1.43%"
"01/18/2022","4,190","4,240","4,240","4,140","120.28M","-0.48%"
"01/17/2022","4,210","4,200","4,210","4,180","102.96M","0.72%"
"01/14/2022","4,180","4,190","4,210","4,160","110.21M","-0.24%"
"01/13/2022","4,190","4,180","4,190","4,170","103.52M","0.72%"
"01/12/2022","4,160","4,170","4,180","4,130","65.91M","0.24%"
"01/11/2022","4,150","4,180","4,180","4,130","99.41M","-0.72%"
"01/10/2022","4,180","4,190","4,210","4,180","70.72M","-0.24%"
"01/07/2022","4,190","4,170","4,200","4,150","101.28M","0.72%"
"01/06/2022","4,160","4,240","4,240","4,140","137.28M","-1.19%"
"01/05/2022","4,210","4,180","4,230","4,130","174.38M","1.20%"
"01/04/2022","4,160","4,200","4,210","4,160","93.95M","-0.48%"
"01/03/2022","4,180","4,120","4,190","4,090","90.84M","1.70%"